position_diff,sr_group,pairname,diff,diff_lower,diff_upper,foldchange,foldchange_upper,foldchange_lower
RBD=,D614G,Overall,0.004492471352998727,-0.015420929054109545,0.024405871760107,1,1,-1
RBD=,B.1.1.7,Overall,-0.15489099459003228,-0.18295648744933585,-0.1268255017307287,-1.1,-1.1,-1.1
RBD=,P.1,Overall,0.1939962157868675,0.1437052748518617,0.2442871567218733,1.1,1.2,1.1
RBD=,B.1.351,Overall,-0.24284102529321214,-0.2632381162889659,-0.22244393429745837,-1.2,-1.2,-1.2
RBD=,B.1.617.2,Overall,-0.07194629438599216,-0.16666544541264183,0.022772856640657493,-1.1,1,-1.1
RBD=,2x mRNA-1273,Overall,0.30141408730044045,0.23934039158438547,0.3634877830164954,1.2,1.3,1.2
E484K,D614G,Overall (484E - 484K),-2.876850568805192,-2.9120709595481027,-2.8416301780622812,-7.3,-7.2,-7.5
E484K,B.1.1.7,Overall (484E - 484K),-2.448860568986072,-2.507528532915569,-2.3901926050565745,-5.5,-5.2,-5.7
E484K,P.1,Overall (484E - 484K),-0.29768349808030004,-0.36720281635195784,-0.22816417980864223,-1.2,-1.2,-1.3
E484K,B.1.351,Overall (484E - 484K),0.5944026719437548,0.5702267214380592,0.6185786224494505,1.5,1.5,1.5
E484K,B.1.617.2,Overall (484E - 484K),-2.6572883735968778,-2.921728091098909,-2.3928486560948463,-6.3,-5.3,-7.6
E484K,2x mRNA-1273,Overall (484E - 484K),-2.284284294372495,-2.3061721752635407,-2.262396413481449,-4.9,-4.8,-4.9
E484Q,D614G,Overall (484E - 484Q),-1.8439474566982486,-1.8825163893487284,-1.8053785240477687,-3.6,-3.5,-3.7
E484Q,B.1.1.7,Overall (484E - 484Q),-1.8495538347989648,-1.9727538250124637,-1.726353844585466,-3.6,-3.3,-3.9
E484Q,P.1,Overall (484E - 484Q),0.18142146654729885,0.09237618895574534,0.27046674413885236,1.1,1.2,1.1
E484Q,B.1.351,Overall (484E - 484Q),-0.10712908214585636,-0.20588495300064558,-0.00837321129106712,-1.1,-1,-1.2
E484Q,B.1.617.2,Overall (484E - 484Q),-3.5772777964377767,-4.351520954123447,-2.8030346387521066,-11.9,-7,-20.4
E484Q,2x mRNA-1273,Overall (484E - 484Q),-1.5678043653542664,-1.5954116995797414,-1.5401970311287914,-3,-2.9,-3
N501Y,D614G,Overall (501N - 501Y),0.08324224265313894,0.06482452425662202,0.10165996104965586,1.1,1.1,1
N501Y,B.1.1.7,Overall (501N - 501Y),1.3817410666555268,1.3059512531912068,1.4575308801198468,2.6,2.7,2.5
N501Y,P.1,Overall (501N - 501Y),0.2822235751814014,0.21144019785223456,0.35300695251056824,1.2,1.3,1.2
N501Y,B.1.351,Overall (501N - 501Y),1.1812204043892933,1.1606191291216215,1.2018216796569652,2.3,2.3,2.2
N501Y,B.1.617.2,Overall (501N - 501Y),-1.1077640398228843,-1.3379838589082906,-0.8775442207374778,-2.2,-1.8,-2.5
N501Y,2x mRNA-1273,Overall (501N - 501Y),-0.5161918442229387,-0.5375536643911436,-0.49483002405473386,-1.4,-1.4,-1.5
K417N,D614G,Overall (417K - 417N),-0.26404556122569584,-0.2838215305057304,-0.2442695919456613,-1.2,-1.2,-1.2
K417N,B.1.1.7,Overall (417K - 417N),-0.522089980507447,-0.6144350060530839,-0.42974495496181025,-1.4,-1.3,-1.5
K417N,P.1,Overall (417K - 417N),1.571941947421351,1.4393057416000743,1.7045781532426276,3,3.3,2.7
K417N,B.1.351,Overall (417K - 417N),1.082591051308901,1.0324531675169886,1.1327289351008134,2.1,2.2,2
K417N,B.1.617.2,Overall (417K - 417N),-1.2349279585235307,-1.441225130933034,-1.0286307861140274,-2.4,-2,-2.7
K417N,2x mRNA-1273,Overall (417K - 417N),-0.9231615388934998,-0.9917970335524071,-0.8545260442345926,-1.9,-1.8,-2
L452R,D614G,Overall (452L - 452R),-0.9711369099898322,-1.0055530882102584,-0.9367207317694058,-2,-1.9,-2
L452R,B.1.1.7,Overall (452L - 452R),-0.8609294708502333,-0.9842423541048853,-0.7376165875955814,-1.8,-1.7,-2
L452R,P.1,Overall (452L - 452R),-1.9787753162829382,-2.3366264580832583,-1.6209241744826182,-3.9,-3.1,-5.1
L452R,B.1.351,Overall (452L - 452R),0.36371417765654546,0.28419814028171664,0.4432302150313743,1.3,1.4,1.2
L452R,B.1.617.2,Overall (452L - 452R),0.28886202216890206,0.18789722934349945,0.38982681499430466,1.2,1.3,1.1
L452R,2x mRNA-1273,Overall (452L - 452R),-1.3662170745503412,-1.3907421689907566,-1.3416919801099259,-2.6,-2.5,-2.6
RBD=,D614G,D614G+N501Y - B.1.1.7,0.23175397055664645,-0.2756649428871523,0.7044701814086122,1.2,1.6,-1.2
RBD=,B.1.1.7,D614G+N501Y - B.1.1.7,-0.1927408444561216,-0.6794891471471339,0.24703267210888652,-1.1,1.2,-1.6
RBD=,P.1,D614G+N501Y - B.1.1.7,0.9944270870403266,0.4903769296275516,1.5175702075361786,2,2.9,1.4
RBD=,B.1.351,D614G+N501Y - B.1.1.7,-0.5277661069422707,-0.991341724817138,-0.05248436127450366,-1.4,-1,-2
RBD=,D614G,P.1+T417K - B.1.1.7+E484K,0.47059572706578723,-0.07509258071411698,1.000230861203189,1.4,2,-1.1
RBD=,B.1.351,P.1+T417K - B.1.1.7+E484K,0.6849468223060149,0.198478350896497,1.1567387671437572,1.6,2.2,1.1
RBD=,D614G,B.1.351+N417K - B.1.1.7+E484K,-1.3786158130952617,-1.9532580297442215,-0.8127964409639941,-2.6,-1.8,-3.9
RBD=,B.1.351,B.1.351+N417K - B.1.1.7+E484K,-0.6866007515779535,-1.1759726331779365,-0.1825788893945955,-1.6,-1.1,-2.3
RBD=,D614G,D614G+L452R - B.1.429,0.5347153391331584,0.020829517283879162,1.078160076477636,1.4,2.1,1
RBD=,D614G,D614G+E484K - B.1.526+E484K,0.04859545600807643,-0.43132163161847137,0.5561559061616028,1,1.5,-1.3
RBD=,B.1.351,D614G+E484K - B.1.526+E484K,0.45392424166324785,-0.1777159306516159,1.1307053199448194,1.4,2.2,-1.1
RBD=,D614G,D614G+L452R+E484Q - B.1.617.1,1.8435646868888933,1.333037917511609,2.3412448947082383,3.6,5.1,2.5
RBD=,B.1.351,D614G+L452R+E484Q - B.1.617.1,0.3233330119995165,-0.4435097496326729,1.0731999103092016,1.3,2.1,-1.4
RBD=,D614G,B.1.617.2 (AY.1)+K417N - B.1.617.2+K417N,0.26494652736273694,-0.2163699090967577,0.7487857447299108,1.2,1.7,-1.2
RBD=,B.1.1.7,B.1.617.2 (AY.1)+K417N - B.1.617.2+K417N,-0.22242514329826668,-0.7184336090715926,0.26171002924890735,-1.2,1.2,-1.6
RBD=,P.1,B.1.617.2 (AY.1)+K417N - B.1.617.2+K417N,0.22293741464508793,-0.3036952890071355,0.7387001482246875,1.2,1.7,-1.2
RBD=,B.1.351,B.1.617.2 (AY.1)+K417N - B.1.617.2+K417N,0.1963951894487544,-0.42876553947714013,0.7839924847071505,1.1,1.7,-1.3
RBD=,B.1.617.2,B.1.617.2 (AY.1)+K417N - B.1.617.2+K417N,0.06447610714476118,-0.7973420926276665,0.8962365187231067,1,1.9,-1.7
RBD=,2x mRNA-1273,B.1.617.2 (AY.1)+K417N - B.1.617.2+K417N,0.7720756679082317,0.205061142174964,1.3212336757551562,1.7,2.5,1.2
RBD=,D614G,B.1.617.2 (AY.2)+K417N - B.1.617.2+K417N,-0.17854009525548614,-0.6784158839695857,0.2690151011273156,-1.1,1.2,-1.6
RBD=,B.1.1.7,B.1.617.2 (AY.2)+K417N - B.1.617.2+K417N,-0.20487840565320078,-0.691585566268089,0.2988243907371254,-1.2,1.2,-1.6
RBD=,P.1,B.1.617.2 (AY.2)+K417N - B.1.617.2+K417N,-0.2551420320724453,-0.8910571986405424,0.3425048758897021,-1.2,1.3,-1.9
RBD=,B.1.351,B.1.617.2 (AY.2)+K417N - B.1.617.2+K417N,-0.17449463517864724,-0.773458234075575,0.3956919137203177,-1.1,1.3,-1.7
RBD=,B.1.617.2,B.1.617.2 (AY.2)+K417N - B.1.617.2+K417N,-0.20214148339604993,-1.2009046242004517,0.7642819032209501,-1.2,1.7,-2.3
RBD=,2x mRNA-1273,B.1.617.2 (AY.2)+K417N - B.1.617.2+K417N,0.45212200260316315,-0.11383310756862138,1.031803106957733,1.4,2,-1.1
RBD=,D614G,B.1.617.2 (AY.2)+K417N - B.1.617.2 (AY.1)+K417N,-0.443486622618223,-0.908782839812719,0.007891879005714919,-1.4,1,-1.9
RBD=,B.1.1.7,B.1.617.2 (AY.2)+K417N - B.1.617.2 (AY.1)+K417N,0.002568320189611499,-0.4804921664665473,0.5212394149326185,1,1.4,-1.4
RBD=,P.1,B.1.617.2 (AY.2)+K417N - B.1.617.2 (AY.1)+K417N,-0.4921627385971452,-1.103572839532505,0.11433588455630683,-1.4,1.1,-2.1
RBD=,B.1.351,B.1.617.2 (AY.2)+K417N - B.1.617.2 (AY.1)+K417N,-0.2704998846318558,-0.8567370004250492,0.24598412454592436,-1.2,1.2,-1.8
RBD=,B.1.617.2,B.1.617.2 (AY.2)+K417N - B.1.617.2 (AY.1)+K417N,-0.12364640178126406,-1.1195826622319522,0.8486665508640394,-1.1,1.8,-2.2
RBD=,2x mRNA-1273,B.1.617.2 (AY.2)+K417N - B.1.617.2 (AY.1)+K417N,-0.3199536653050685,-0.8895236271771424,0.2602430170590628,-1.2,1.2,-1.9
RBD=,D614G,B.1.351+N417K - P.1+T417K,-1.7680827243597614,-2.332011104847302,-1.2042220083977133,-3.4,-2.3,-5
RBD=,B.1.351,B.1.351+N417K - P.1+T417K,-1.3368085064361641,-1.8279615477288103,-0.8561684018409479,-2.5,-1.8,-3.6
E484K,D614G,B.1.526+E484K - D614G,-3.1212116526084053,-3.638944027776908,-2.650351207819609,-8.7,-6.3,-12.5
E484K,B.1.1.7,B.1.526+E484K - D614G,-3.4269516420460713,-3.9997673909208986,-2.8703141469754843,-10.8,-7.3,-16
E484K,P.1,B.1.526+E484K - D614G,0.48025270240291307,-0.02325417373019112,0.9944827052262855,1.4,2,-1
E484K,B.1.351,B.1.526+E484K - D614G,0.17590721032145823,-0.3534399886373442,0.6808654134367114,1.1,1.6,-1.3
E484K,B.1.617.2,B.1.526+E484K - D614G,-2.5793546046988314,-3.1113022469571767,-2.0258114257739424,-6,-4.1,-8.6
E484K,2x mRNA-1273,B.1.526+E484K - D614G,-2.233867858177963,-2.5739393081469935,-1.8994460354705918,-4.7,-3.7,-6
E484K,D614G,D614G+E484K - D614G,-3.087410074836085,-3.5984008754479824,-2.6072970751349875,-8.5,-6.1,-12.1
E484K,B.1.351,D614G+E484K - D614G,0.8314431186719498,0.1473450035800279,1.5011839181716544,1.8,2.8,1.1
E484K,D614G,B.1.1.7+E484K - B.1.1.7,-2.271123557251897,-2.761945944597865,-1.7451265813349397,-4.8,-3.4,-6.8
E484K,B.1.1.7,B.1.1.7+E484K - B.1.1.7,-2.062755318754127,-2.534629554214016,-1.5458468976222977,-4.2,-2.9,-5.8
E484K,P.1,B.1.1.7+E484K - B.1.1.7,-0.18943022936302117,-0.7230367393885591,0.2811485063375098,-1.1,1.2,-1.7
E484K,B.1.351,B.1.1.7+E484K - B.1.1.7,0.4038364942660639,-0.07364329957091788,0.9335502264269941,1.3,1.9,-1.1
E484K,B.1.617.2,B.1.1.7+E484K - B.1.1.7,-2.1813068984350954,-3.5421000539886087,-1.0065133980302514,-4.5,-2,-11.6
E484K,2x mRNA-1273,B.1.1.7+E484K - B.1.1.7,-2.4299332514974408,-3.012221377203328,-1.8805900365642578,-5.4,-3.7,-8.1
E484K,D614G,P.1+T417K - B.1.1.7,-1.7513429225848551,-2.290582294443589,-1.2314580015583285,-3.4,-2.3,-4.9
E484K,B.1.351,P.1+T417K - B.1.1.7,1.0340847771702424,0.5323223653402501,1.5075953106960847,2,2.8,1.4
E484K,D614G,B.1.351+N417K - B.1.1.7,-3.775647875719389,-4.379118655848023,-3.169183866137417,-13.7,-9,-20.8
E484K,B.1.351,B.1.351+N417K - B.1.1.7,-0.3127016039471881,-0.7863058549290376,0.16645540149058824,-1.2,1.1,-1.7
E484K,D614G,B.1.1.7+E484K - D614G+N501Y,-2.6379459446015976,-2.148164217278891,-3.145444958220794,-6.2,-8.8,-4.4
E484K,B.1.1.7,B.1.1.7+E484K - D614G+N501Y,-1.9760920986569643,-1.4733537853981136,-2.4624741669743475,-3.9,-5.5,-2.8
E484K,P.1,B.1.1.7+E484K - D614G+N501Y,-1.1838573164033481,-0.6491019939298162,-1.6751136957478403,-2.3,-3.2,-1.6
E484K,B.1.351,B.1.1.7+E484K - D614G+N501Y,0.881071363352564,1.4094401888625088,0.3911672689004154,1.8,1.3,2.7
E484K,D614G,P.1+T417K - D614G+N501Y,-2.2091390265454343,-2.7025477584351516,-1.7045053013700622,-4.6,-3.3,-6.5
E484K,B.1.351,P.1+T417K - D614G+N501Y,1.4773803043056954,0.9929131581347599,1.9478878644106892,2.8,3.9,2
E484K,D614G,B.1.351+N417K - D614G+N501Y,-4.061525199408717,-4.634987333166597,-3.500887578555339,-16.7,-11.3,-24.8
E484K,B.1.351,B.1.351+N417K - D614G+N501Y,0.13742093469959518,-0.3335093715932316,0.6744988018380131,1.1,1.6,-1.3
E484Q,D614G,D614G+E484Q - D614G,-2.082792255905083,-2.545196297098329,-1.5948166923899785,-4.2,-3,-5.8
E484Q,B.1.351,D614G+E484Q - D614G,0.004205694125232775,-0.7497133188767986,0.7494376867373699,1,1.7,-1.7
E484Q,D614G,B.1.617.1 - B.1.429,-2.176883546248714,-2.7768190898014757,-1.6256620224987486,-4.5,-3.1,-6.9
E484Q,B.1.1.7,B.1.617.1 - B.1.429,-2.3307165692926843,-2.8848815501180542,-1.7715629646234619,-5,-3.4,-7.4
E484Q,P.1,B.1.617.1 - B.1.429,-0.06323684129369263,-0.6614754292219661,0.5087886982008051,-1,1.4,-1.6
E484Q,B.1.351,B.1.617.1 - B.1.429,-0.3886652067487524,-0.9160732809901972,0.17438291343811751,-1.3,1.1,-1.9
E484Q,B.1.617.2,B.1.617.1 - B.1.429,-2.3598823155735578,-2.8696031403130617,-1.8907745466047365,-5.1,-3.7,-7.3
E484Q,2x mRNA-1273,B.1.617.1 - B.1.429,-1.4597033271737099,-1.7978834987079229,-1.1244489711195869,-2.8,-2.2,-3.5
E484Q,D614G,D614G+L452R+E484Q - B.1.429,-0.33911743969143215,-0.8754434802013056,0.18772328085738965,-1.3,1.1,-1.8
E484Q,B.1.351,D614G+L452R+E484Q - B.1.429,0.10871643940688837,-0.6482975361785758,0.8526179573726194,1.1,1.8,-1.6
E484Q,D614G,B.1.617.1 - D614G+L452R,-2.599435985768872,-2.0689847106416033,-3.1126537588127468,-6.1,-8.6,-4.2
E484Q,D614G,B.1.617.2 (AY.3)+E484Q - B.1.617.2,-2.3635197615307453,-2.9234844657386647,-1.8301160041137563,-5.1,-3.6,-7.6
E484Q,B.1.1.7,B.1.617.2 (AY.3)+E484Q - B.1.617.2,-1.2835054341916525,-1.793818763836732,-0.7542540541177556,-2.4,-1.7,-3.5
E484Q,P.1,B.1.617.2 (AY.3)+E484Q - B.1.617.2,0.4418559197217012,-0.15318482452473392,1.0277910293862655,1.4,2,-1.1
E484Q,B.1.351,B.1.617.2 (AY.3)+E484Q - B.1.617.2,-0.57524258211255,-1.138090619514226,0.04137782154976105,-1.5,1,-2.2
E484Q,B.1.617.2,B.1.617.2 (AY.3)+E484Q - B.1.617.2,-5.892714238744521,-6.871196320554223,-4.941383307800019,-59.4,-30.7,-117.1
E484Q,2x mRNA-1273,B.1.617.2 (AY.3)+E484Q - B.1.617.2,-1.880098748439198,-2.4339344487917156,-1.3027613529407358,-3.7,-2.5,-5.4
E484Q,D614G,D614G+L452R+E484Q - D614G+L452R,-0.7084524606363688,-1.165425190751897,-0.21953029341898223,-1.6,-1.2,-2.2
E484Q,D614G,B.1.617.1+K417N - B.1.429+K417N,-2.5093068846839843,-3.043481392685172,-1.9927991605039055,-5.7,-4,-8.2
E484Q,B.1.351,B.1.617.1+K417N - B.1.429+K417N,0.3975220247286258,-0.11381117184858376,0.9403382639363034,1.3,1.9,-1.1
N501Y,D614G,B.1.1.7 - D614G,-0.25758918264804903,-0.736306587878793,0.22692476354042135,-1.2,1.2,-1.7
N501Y,B.1.1.7,B.1.1.7 - D614G,1.131594996137476,0.6420957624792274,1.5970309002507104,2.2,3,1.6
N501Y,P.1,B.1.1.7 - D614G,0.17397003000365913,-0.37665885638397345,0.6537317159498255,1.1,1.6,-1.3
N501Y,B.1.351,B.1.1.7 - D614G,1.2300225321145017,0.7004483889653657,1.7300609369685553,2.3,3.3,1.6
N501Y,B.1.617.2,B.1.1.7 - D614G,-1.1410155241529283,-1.6017952905251067,-0.6974206238512144,-2.2,-1.6,-3
N501Y,2x mRNA-1273,B.1.1.7 - D614G,-0.4774392313936861,-0.8114682999175822,-0.14974970326232537,-1.4,-1.1,-1.8
N501Y,D614G,D614G+N501Y - D614G,-0.043741871924722654,-0.5192675806439674,0.4300509309295276,-1,1.3,-1.4
N501Y,B.1.1.7,D614G+N501Y - D614G,0.9388541516813544,0.4399741394926051,1.3754104152395235,1.9,2.6,1.4
N501Y,P.1,D614G+N501Y - D614G,1.1683971170439862,0.6460923303664574,1.6648127669640835,2.2,3.2,1.6
N501Y,B.1.351,D614G+N501Y - D614G,0.7261911605630732,0.21149616749226155,1.224777727984026,1.7,2.3,1.2
N501Y,2x mRNA-1273,D614G+N501Y - D614G,0.23866065318399612,-0.2888830296359956,0.7264075403545021,1.2,1.7,-1.2
N501Y,D614G,B.1.1.7+E484K - B.1.526+E484K,0.47268922782644984,0.9630949899983855,-0.0382828571664485,1.4,-1,1.9
N501Y,B.1.1.7,B.1.1.7+E484K - B.1.526+E484K,2.218967155342796,2.8270003289538232,1.63818979708307,4.7,3.1,7.1
N501Y,P.1,B.1.1.7+E484K - B.1.526+E484K,-0.49571290176227534,0.02423499172364718,-1.001130279399832,-1.4,-2,1
N501Y,B.1.351,B.1.1.7+E484K - B.1.526+E484K,1.557503801417527,2.1217763498068347,1.015713243649112,2.9,2,4.4
N501Y,B.1.617.2,B.1.1.7+E484K - B.1.526+E484K,-0.5715635446041543,1.2279354008569885,-2.2534407659995743,-1.5,-4.8,2.3
N501Y,2x mRNA-1273,B.1.1.7+E484K - B.1.526+E484K,-0.6281441441231387,-0.0640131610880834,-1.1990854661197732,-1.5,-2.3,-1
N501Y,D614G,B.1.1.7+E484K - D614G+E484K,0.46201841756972917,0.9964335693195782,-0.060489844019354685,1.4,-1,2
N501Y,B.1.351,B.1.1.7+E484K - D614G+E484K,0.9882941622270737,1.5696223692897828,0.38189269127814107,2,1.3,3
N501Y,D614G,P.1+T417K - B.1.526+E484K,0.8229894017700813,0.30545491268124964,1.3321473646112936,1.8,2.5,1.2
N501Y,B.1.351,P.1+T417K - B.1.526+E484K,2.0952585446793743,1.5665297121042934,2.6074089817128856,4.3,6.1,3
N501Y,D614G,B.1.351+N417K - B.1.526+E484K,-0.9237511024132398,-1.5062337458416315,-0.368213163810706,-1.9,-1.3,-2.8
N501Y,B.1.351,B.1.351+N417K - B.1.526+E484K,0.7316813366827652,0.20260291675264597,1.266216868102154,1.7,2.4,1.2
N501Y,D614G,P.1+T417K - D614G+E484K,0.8654106561179157,0.35512489143538495,1.3970141058758396,1.8,2.6,1.3
N501Y,B.1.351,P.1+T417K - D614G+E484K,1.7341858834562327,1.1667252278893923,2.309542597737763,3.3,5,2.2
N501Y,D614G,B.1.351+N417K - D614G+E484K,-0.9679286153895729,-1.5469291791710837,-0.38854242831027125,-2,-1.3,-2.9
N501Y,B.1.351,B.1.351+N417K - D614G+E484K,0.15886827242039817,-0.40660066061833994,0.7566830414233131,1.1,1.7,-1.3
K417N,D614G,B.1.351 - B.1.1.7+E484K,-1.1442003415423336,-1.6448554033788247,-0.5741034832214449,-2.2,-1.5,-3.1
K417N,B.1.1.7,B.1.351 - B.1.1.7+E484K,-1.2924248362670023,-1.8176260820371362,-0.774107107683942,-2.4,-1.7,-3.5
K417N,P.1,B.1.351 - B.1.1.7+E484K,2.629982658181663,2.137100293872571,3.1314365113896674,6.2,8.8,4.4
K417N,B.1.351,B.1.351 - B.1.1.7+E484K,0.9693239785680073,0.4950066641235983,1.4345794250668455,2,2.7,1.4
K417N,B.1.617.2,B.1.351 - B.1.1.7+E484K,0.9473966476884521,-0.7584698894484172,2.652610888992039,1.9,6.3,-1.7
K417N,2x mRNA-1273,B.1.351 - B.1.1.7+E484K,-1.0886524348610622,-1.623931058479289,-0.5298866297589879,-2.1,-1.4,-3.1
K417N,D614G,B.1.351 - P.1+T417K,-1.4945887274873961,-0.9175728839298316,-2.0430265473765474,-2.8,-4.1,-1.9
K417N,B.1.351,B.1.351 - P.1+T417K,0.30156221339411815,0.7631835768825843,-0.14552102369541076,1.2,-1.1,1.7
K417N,D614G,B.1.351 - B.1.351+N417K,0.32355531341375127,0.8899406355072311,-0.27190750422428783,1.3,-1.2,1.9
K417N,B.1.351,B.1.351 - B.1.351+N417K,1.6070349109290492,2.0919453680727473,1.1395246320897234,3,2.2,4.3
K417N,D614G,B.1.429+K417N - B.1.429,1.041281617038645,0.4418440456676343,1.577363565391014,2.1,3,1.4
K417N,B.1.351,B.1.429+K417N - B.1.429,0.7527556076419065,0.18663777587530875,1.3324655174030284,1.7,2.5,1.1
K417N,D614G,B.1.617.1+K417N - B.1.617.1,0.5046448802361844,-0.08139404562242888,1.0693694258150472,1.4,2.1,-1.1
K417N,B.1.351,B.1.617.1+K417N - B.1.617.1,1.5991572291600256,1.0365242102315708,2.174768427091455,3,4.5,2.1
K417N,D614G,B.1.617.2+K417N - B.1.617.2,-0.2140536443036756,-0.7256526732628925,0.26926866897511104,-1.2,1.2,-1.7
K417N,B.1.1.7,B.1.617.2+K417N - B.1.617.2,-0.11099088615820565,-0.599217602634878,0.36574061781458556,-1.1,1.3,-1.5
K417N,P.1,B.1.617.2+K417N - B.1.617.2,1.1039627017651434,0.5461152405164198,1.7011905104300034,2.1,3.3,1.5
K417N,B.1.351,B.1.617.2+K417N - B.1.617.2,0.8323785170550796,0.22422195336069167,1.4658877851845271,1.8,2.8,1.2
K417N,B.1.617.2,B.1.617.2+K417N - B.1.617.2,-1.4301535763384285,-2.2896498134828915,-0.5358418728391452,-2.7,-1.4,-4.9
K417N,2x mRNA-1273,B.1.617.2+K417N - B.1.617.2,-1.2760652816649758,-1.8540539934395635,-0.7120206359673337,-2.4,-1.6,-3.6
K417N,D614G,B.1.617.2 (AY.1)+K417N - B.1.617.2,-0.003731725061148329,-0.5263445166451223,0.470379332601563,-1,1.4,-1.4
K417N,B.1.1.7,B.1.617.2 (AY.1)+K417N - B.1.617.2,-0.32139050423724563,-0.7956655538048932,0.17209461058184192,-1.2,1.1,-1.7
K417N,P.1,B.1.617.2 (AY.1)+K417N - B.1.617.2,1.228619569823469,0.7180507230075825,1.8230141377539377,2.3,3.5,1.6
K417N,B.1.351,B.1.617.2 (AY.1)+K417N - B.1.617.2,1.0619083591316894,0.4905684649275031,1.6519392440667944,2.1,3.1,1.4
K417N,B.1.617.2,B.1.617.2 (AY.1)+K417N - B.1.617.2,-1.3656774691936673,-2.2292047296159354,-0.5507281948633567,-2.6,-1.5,-4.7
K417N,2x mRNA-1273,B.1.617.2 (AY.1)+K417N - B.1.617.2,-0.5039896137567441,-1.0664226381886666,0.06617115347276054,-1.4,1,-2.1
K417N,D614G,B.1.617.2 (AY.2)+K417N - B.1.617.2,-0.40111706591645824,-0.9051148884705236,0.07098606000079516,-1.3,1.1,-1.9
K417N,B.1.1.7,B.1.617.2 (AY.2)+K417N - B.1.617.2,-0.3398459063306242,-0.8527523548680243,0.17842494977394954,-1.3,1.1,-1.8
K417N,P.1,B.1.617.2 (AY.2)+K417N - B.1.617.2,0.3102273008034627,-0.3618147846000056,0.9700451335578817,1.2,2,-1.3
K417N,B.1.351,B.1.617.2 (AY.2)+K417N - B.1.617.2,0.7433221620156213,0.20820520952079977,1.3030724083370822,1.7,2.5,1.2
K417N,B.1.617.2,B.1.617.2 (AY.2)+K417N - B.1.617.2,-1.527758232078794,-2.500501518591671,-0.529686350016082,-2.9,-1.4,-5.7
K417N,2x mRNA-1273,B.1.617.2 (AY.2)+K417N - B.1.617.2,-0.8239432790618125,-1.4072370862883032,-0.2873089102354025,-1.8,-1.2,-2.7
K417N,D614G,B.1.429+K417N - D614G+L452R,0.4764592396041435,-0.005670084031448308,0.9776867851270203,1.4,2,-1
K417N,D614G,B.1.617.1+K417N - D614G+L452R+E484Q,-1.3765095026012006,-1.9246318906637692,-0.8791749473863961,-2.6,-1.8,-3.8
K417N,B.1.351,B.1.617.1+K417N - D614G+L452R+E484Q,1.375981296398817,0.7089533728733431,2.1129888804990222,2.6,4.3,1.6
L452R,D614G,B.1.429 - D614G,-1.6148738094260884,-2.1805692371671164,-1.1107509007220016,-3.1,-2.2,-4.5
L452R,B.1.1.7,B.1.429 - D614G,-0.8594382401623816,-1.3330561529131733,-0.37603617078154883,-1.8,-1.3,-2.5
L452R,P.1,B.1.429 - D614G,-1.889567719255019,-2.5080894576178325,-1.3114435491443912,-3.7,-2.5,-5.7
L452R,B.1.351,B.1.429 - D614G,0.17879482245485767,-0.364944691135405,0.7159145493083677,1.1,1.6,-1.3
L452R,B.1.617.2,B.1.429 - D614G,0.28885886031503,-0.16625806643256744,0.7248033016856092,1.2,1.7,-1.1
L452R,2x mRNA-1273,B.1.429 - D614G,-1.3662170514737209,-1.7043615380167987,-1.0282302628142215,-2.6,-2,-3.3
L452R,D614G,D614G+L452R - D614G,-1.1261693158158137,-1.597658176337452,-0.6354340644033266,-2.2,-1.6,-3
L452R,D614G,B.1.617.1 - D614G+E484Q,-1.6142775248623373,-1.0715189370561913,-2.13643927021703,-3.1,-4.4,-2.1
L452R,B.1.351,B.1.617.1 - D614G+E484Q,0.38696022051243717,1.146408498543611,-0.3308323020566769,1.3,-1.3,2.2
L452R,D614G,D614G+L452R+E484Q - D614G+E484Q,0.24817047945290027,-0.24688668417057064,0.708891848206014,1.2,1.6,-1.2
L452R,B.1.351,D614G+L452R+E484Q - D614G+E484Q,0.7102932325119535,-0.030465008691348494,1.511019672612911,1.6,2.9,-1
